Date,Close
1/4/99,4.2088
1/5/99,3.931
1/6/99,4.9621
1/7/99,5.2273
1/8/99,5.1305
1/11/99,5.1094
1/12/99,4.2172
1/13/99,3.7795
1/14/99,3.952
1/15/99,3.9184
1/19/99,4.032
1/20/99,3.7458
1/21/99,3.1902
1/22/99,3.4512
1/25/99,3.8131
1/26/99,3.8763
1/27/99,5.3199
1/28/99,5.1347
1/29/99,4.8695
2/1/99,4.596
2/2/99,4.4613
2/3/99,4.8822
2/4/99,4.1919
2/5/99,3.8805
2/8/99,4.0488
2/9/99,3.7332
2/10/99,3.7205
2/11/99,4.2003
2/12/99,4.1414
2/16/99,4.053
2/17/99,4.0867
2/18/99,4.1246
2/19/99,4.2003
2/22/99,4.8906
2/23/99,4.9579
2/24/99,5.0168
2/25/99,5.2525
2/26/99,5.8586
3/1/99,5.665
3/2/99,6.1574
3/3/99,6.4983
3/4/99,6.8813
3/5/99,7.8535
3/8/99,8.9983
3/9/99,8.7458
3/10/99,8.1608
3/11/99,7.8914
3/12/99,7.4705
3/15/99,8.2492
3/16/99,8.3039
3/17/99,8.1944
3/18/99,8.4554
3/19/99,8.4049
3/22/99,8.1608
3/23/99,7.702
3/24/99,7.6515
3/25/99,8.388
3/26/99,8.1313
3/29/99,7.7778
3/30/99,7.2138
3/31/99,7.2222
4/1/99,7.2938
4/5/99,7.8241
4/6/99,7.9966
4/7/99,7.8914
4/8/99,9.0362
4/9/99,9.651
4/12/99,9.2929
4/13/99,9.0951
4/14/99,8.569
4/15/99,9.4108
4/16/99,9.2593
4/19/99,8.1103
4/20/99,8.5522
4/21/99,8.771
4/22/99,9.0488
4/23/99,10.53
4/26/99,10.993
4/27/99,11.01
4/28/99,10.13
4/29/99,11.313
4/30/99,10.951
5/3/99,10.029
5/4/99,9.537
5/5/99,9.827
5/6/99,9.234
5/7/99,9.2971
5/10/99,10.177
5/11/99,10.274
5/12/99,10.455
5/13/99,10.13
5/14/99,9.777
5/17/99,10.438
5/18/99,9.975
5/19/99,10.354
5/20/99,9.819
5/21/99,10.021
5/24/99,9.642
5/25/99,8.6279
5/26/99,9.1709
5/27/99,8.8889
5/28/99,9.3224
6/1/99,8.7626
6/2/99,8.8805
6/3/99,8.4848
6/4/99,8.8678
6/7/99,9.642
6/8/99,9.668
6/9/99,9.63
6/10/99,9.613
6/11/99,8.7247
6/14/99,7.1549
6/15/99,7.1296
6/16/99,7.8241
6/17/99,7.7189
6/18/99,7.6894
6/21/99,8.0008
6/22/99,7.7946
6/23/99,7.702
6/24/99,7.479
6/25/99,7.1549
6/28/99,7.3695
6/29/99,7.4032
6/30/99,7.9672
7/1/99,7.8746
7/2/99,7.5547
7/6/99,7.4032
7/7/99,7.2727
7/8/99,7.0581
7/9/99,7.1423
7/12/99,6.7256
7/13/99,6.5741
7/14/99,6.4731
7/15/99,6.6835
7/16/99,6.4731
7/19/99,6.1911
7/20/99,5.9428
7/21/99,6.0648
7/22/99,5.7197
7/23/99,5.6692
7/26/99,5.4924
7/27/99,5.2399
7/28/99,5.5219
7/29/99,5.3788
7/30/99,5.1389
8/2/99,4.798
8/3/99,4.4402
8/4/99,3.9857
8/5/99,4.8864
8/6/99,4.3771
8/9/99,4.1919
8/10/99,4.6928
8/11/99,4.6128
8/12/99,4.8106
8/13/99,5.1557
8/16/99,5.7323
8/17/99,6.1953
8/18/99,6.6246
8/19/99,5.9848
8/20/99,6.4731
8/23/99,6.5446
8/24/99,6.2542
8/25/99,6.7845
8/26/99,6.7551
8/27/99,6.6919
8/30/99,6.2837
8/31/99,6.6077
9/1/99,6.4141
9/2/99,6.3889
9/3/99,7.0244
9/7/99,7.0412
9/8/99,7.0875
9/9/99,7.5968
9/10/99,8.3123
9/13/99,7.7862
9/14/99,8.1566
9/15/99,7.9966
9/16/99,7.984
9/17/99,7.4158
9/20/99,7.1549
9/21/99,7.399
9/22/99,7.8451
9/23/99,7.2727
9/24/99,7.6852
9/27/99,7.298
9/28/99,7.2601
9/29/99,7.3148
9/30/99,7.4242
10/1/99,7.2727
10/4/99,7.3274
10/5/99,7.4285
10/6/99,7.9798
10/7/99,7.8998
10/8/99,7.9503
10/11/99,7.8788
10/12/99,7.6136
10/13/99,7.2054
10/14/99,7.4495
10/15/99,7.0581
10/18/99,6.814
10/19/99,7.0286
10/20/99,7.6726
10/21/99,7.8157
10/22/99,7.5042
10/25/99,7.9377
10/26/99,7.9966
10/27/99,7.298
10/28/99,7.1633
10/29/99,7.1086
11/26/99,9.3224
12/28/99,7.3569
1/3/00,7.4327
1/4/00,6.734
1/5/00,7.1843
1/6/00,7.096
1/7/00,7.0875
1/10/00,7.4832
1/11/00,7.3232
1/12/00,6.8603
1/13/00,7.2517
1/14/00,7.0412
1/18/00,7.3401
1/19/00,7.5631
1/20/00,8.1481
1/21/00,7.9209
1/24/00,7.1759
1/25/00,7.2348
1/26/00,8.0808
1/27/00,8.1019
1/28/00,7.7652
1/31/00,7.8956
2/1/00,7.9419
2/2/00,7.9461
2/3/00,8.6785
2/4/00,8.8426
2/7/00,8.9226
2/8/00,8.931
2/9/00,8.6279
2/10/00,8.5438
2/11/00,8.0724
2/14/00,8.1103
2/15/00,7.8157
2/16/00,7.4032
2/17/00,7.6431
2/18/00,7.2222
2/22/00,7.0791
2/23/00,8.1524
2/24/00,8.6279
2/25/00,7.9335
2/28/00,7.6347
2/1/00,7.5463
3/1/00,7.8535
3/2/00,7.8998
3/3/00,7.8662
3/6/00,8.5017
3/7/00,8.5648
3/8/00,9.68
3/9/00,9.604
3/10/00,10.168
3/13/00,11.035
3/14/00,11.103
3/15/00,9.971
3/16/00,11.549
3/17/00,11.519
3/20/00,10.32
3/21/00,11.288
3/22/00,12.239
3/23/00,11.763
3/24/00,12.824
3/27/00,12.618
3/28/00,11.776
3/29/00,10.471
3/30/00,10.896
3/31/00,9.2593
4/3/00,7.5379
4/4/00,8.7879
4/5/00,8.7332
4/6/00,9.575
4/7/00,9.516
4/10/00,8.1902
4/11/00,8.186
4/12/00,7.5463
4/13/00,7.3022
4/14/00,7.3443
4/17/00,7.5379
4/18/00,8.5732
4/19/00,7.9082
4/20/00,7.904
4/24/00,7.4621
4/25/00,8.0808
4/26/00,7.8535
4/27/00,8.5227
4/28/00,8.3754
5/1/00,8.186
5/2/00,7.5463
5/3/00,7.3653
5/4/00,7.2054
5/5/00,7.0497
5/8/00,6.7635
5/9/00,6.3763
5/10/00,5.8418
5/11/00,6.1953
5/12/00,6.3805
5/15/00,6.7088
5/16/00,7.096
5/17/00,6.7424
5/18/00,6.5278
5/19/00,6.2205
5/22/00,7.1633
5/23/00,6.1027
5/24/00,6.8392
5/25/00,6.3636
5/26/00,6.5152
5/30/00,7.0497
5/31/00,6.5825
6/1/00,7.0875
6/2/00,8.1229
6/5/00,7.9377
6/6/00,7.5547
6/7/00,7.9588
6/8/00,7.5463
6/9/00,7.702
6/12/00,7.0286
6/13/00,7.1549
6/14/00,6.6035
6/15/00,6.7424
6/16/00,6.4352
6/19/00,6.3005
6/20/00,6.5572
6/21/00,6.4983
6/22/00,6.1237
6/23/00,5.6692
6/26/00,5.5177
6/27/00,5.5177
6/28/00,5.4714
6/29/00,5.4419
6/30/00,5.7155
7/3/00,5.5598
7/5/00,5.3199
7/6/00,5.3662
7/7/00,5.2357
7/10/00,5.0589
7/11/00,4.6212
7/12/00,5.5387
7/13/00,5.6229
7/14/00,6.4394
7/17/00,6.3342
7/18/00,6.0522
7/19/00,5.9848
7/20/00,6.4184
7/21/00,6.1827
7/24/00,5.8039
7/25/00,5.9175
7/26/00,5.5471
7/27/00,5.2315
7/28/00,4.9327
7/31/00,5.2609
8/1/00,5.1094
8/2/00,5.1431
8/3/00,5.2609
8/4/00,5.3409
8/7/00,5.2609
8/8/00,5.2862
8/9/00,5.2525
8/10/00,5.1431
8/11/00,5.101
8/14/00,5.0715
8/15/00,5.4588
8/16/00,6.0522
8/17/00,6.6372
8/18/00,5.787
8/21/00,5.9091
8/22/00,5.9722
8/23/00,6.0859
8/24/00,6.4604
8/25/00,6.5446
8/28/00,6.6204
8/29/00,6.4352
8/30/00,6.4268
8/31/00,6.5236
9/1/00,6.6162
9/5/00,7.1044
9/6/00,6.9066
9/7/00,7.0118
9/8/00,6.9234
9/11/00,6.814
9/12/00,6.5446
9/13/00,6.5741
9/14/00,7.2012
9/15/00,7.096
9/18/00,6.9529
9/19/00,6.915
9/20/00,8.0556
9/21/00,7.4916
9/22/00,7.5589
9/25/00,7.6136
9/26/00,7.4411
9/27/00,6.6835
9/28/00,7.2727
9/29/00,7.2306
10/2/00,7.037
10/3/00,6.5236
10/4/00,6.8013
10/5/00,6.7214
10/6/00,6.2542
10/9/00,6.4099
10/10/00,6.0943
10/11/00,5.5766
10/12/00,5.383
10/13/00,5.8796
10/16/00,6.2753
10/17/00,5.5513
10/18/00,5.6187
10/19/00,6.0185
10/20/00,6.1111
10/23/00,6.2668
10/24/00,5.6902
10/25/00,5.6902
10/26/00,5.5219
10/27/00,5.4082
10/30/00,5.181
10/31/00,5.4209
11/28/00,3.7921
12/27/00,3.7079
1/2/01,3.1776
1/3/01,4.1414
1/4/01,3.7247
1/5/01,3.2155
1/8/01,3.2239
1/9/01,3.5143
1/10/01,4.1372
1/11/01,4.3056
1/12/01,4.2172
1/16/01,4.6128
1/17/01,4.5497
1/18/01,4.9327
1/19/01,5.2778
1/22/01,5.202
1/23/01,5.5135
1/24/01,5.7239
1/25/01,5.2441
1/26/01,5.2483
1/29/01,5.5051
1/30/01,5.5976
1/31/01,5.1978
2/1/01,5.0758
2/2/01,4.8653
2/5/01,4.9158
2/6/01,4.9327
2/7/01,4.8611
2/8/01,4.9621
2/9/01,4.6886
2/12/01,4.9663
2/13/01,4.9916
2/14/01,5.282
2/15/01,5.3114
2/16/01,5.1305
2/20/01,4.6886
2/21/01,4.8106
2/22/01,4.6886
2/23/01,4.6759
2/26/01,4.7769
2/27/01,4.436
2/28/01,4.0362
3/1/01,3.9478
3/2/01,3.9689
3/5/01,3.9983
3/6/01,4.2424
3/7/01,4.4697
3/8/01,4.1204
3/9/01,3.5774
3/12/01,3.3207
3/13/01,3.6237
3/14/01,3.5943
3/15/01,3.6448
3/16/01,3.4175
3/19/01,3.9015
3/20/01,3.7163
3/21/01,3.3838
3/22/01,3.8552
3/23/01,3.9141
3/26/01,4.0446
3/27/01,4.2088
3/28/01,3.8089
3/29/01,3.5943
3/30/01,3.8089
4/2/01,3.7163
4/3/01,3.2281
4/4/01,3.1944
4/5/01,3.6658
4/6/01,3.7374
4/9/01,3.9941
4/10/01,4.154
4/11/01,4.1204
4/12/01,4.3813
4/16/01,4.3013
4/17/01,4.5328
4/18/01,4.8148
4/19/01,5.2609
4/20/01,5.3283
4/23/01,4.9411
4/24/01,4.6886
4/25/01,5.0926
4/26/01,4.8401
4/27/01,4.9327
4/30/01,5.3114
5/1/01,5.7155
5/2/01,5.6524
5/3/01,5.4209
5/4/01,5.5093
5/7/01,5.2988
5/8/01,5.5303
5/9/01,5.5934
5/10/01,5.7155
5/11/01,5.6019
5/14/01,5.8081
5/15/01,5.9007
5/16/01,6.0859
5/17/01,6.5825
5/18/01,6.5909
5/21/01,6.7382
5/22/01,6.7635
5/23/01,6.4057
5/24/01,6.654
5/25/01,6.5446
5/29/01,6.2879
5/30/01,6.3005
5/31/01,6.3678
6/1/01,6.4436
6/4/01,6.5909
6/5/01,6.814
6/6/01,6.7929
6/7/01,6.8392
6/8/01,6.6877
6/11/01,6.6077
6/12/01,6.6835
6/13/01,6.5067
6/14/01,6.7424
6/15/01,6.8519
6/18/01,6.6246
6/19/01,6.6456
6/20/01,7.3148
6/21/01,7.3569
6/22/01,7.1338
6/25/01,7.4747
6/26/01,7.1928
6/27/01,7.218
6/28/01,7.3611
6/29/01,7.2054
7/2/01,7.1759
7/3/01,7.2769
7/5/01,7.0034
7/6/01,6.8645
7/9/01,6.7845
7/10/01,6.3384
7/11/01,6.33
7/12/01,7.0412
7/13/01,7.0497
7/16/01,6.9276
7/17/01,7.1044
7/18/01,7.0034
7/19/01,6.7761
7/20/01,7.0286
7/23/01,6.835
7/24/01,6.4941
7/25/01,6.4815
7/26/01,6.8224
7/27/01,6.6919
7/30/01,6.4226
7/31/01,6.5825
8/1/01,6.4815
8/2/01,6.3973
8/3/01,6.7635
8/6/01,6.6835
8/7/01,6.7635
8/8/01,6.5657
8/9/01,6.612
8/10/01,6.431
8/13/01,6.3931
8/14/01,6.4604
8/15/01,6.3131
8/16/01,6.4184
8/17/01,6.2079
8/20/01,6.3636
8/21/01,6.0943
8/22/01,5.9891
8/23/01,5.7955
8/24/01,6.2121
8/27/01,5.9343
8/28/01,5.6776
8/29/01,5.6692
8/30/01,5.846
8/31/01,5.9175
9/4/01,5.7323
9/5/01,5.7492
9/6/01,5.7997
9/7/01,5.5724
9/10/01,5.7407
9/17/01,5.1978
9/18/01,5.2609
9/19/01,5.0884
9/20/01,4.7348
9/21/01,4.6086
9/24/01,4.9242
9/25/01,4.9327
9/26/01,4.6338
9/27/01,4.7475
9/28/01,4.8148
10/1/01,4.9411
10/2/01,5
10/3/01,5.2567
10/4/01,5.5303
10/5/01,5.6187
10/8/01,5.8333
10/9/01,5.7239
10/10/01,5.9848
10/11/01,6.2542
10/12/01,6.1995
10/15/01,6.4773
10/16/01,6.4815
10/17/01,6.0101
10/18/01,6.2163
10/19/01,5.4672
10/22/01,5.585
10/23/01,5.846
10/24/01,6.0143
10/25/01,6.2247
10/26/01,5.9975
10/29/01,5.5261
10/30/01,5.6229
10/31/01,5.5219
11/28/01,6.8476
12/24/01,6.7172
1/2/02,6.9655
1/3/02,7.1549
1/4/02,7.2054
1/7/02,7.0286
1/8/02,7.1086
1/9/02,7.0412
1/10/02,6.9444
1/11/02,6.7214
1/14/02,6.6456
1/15/02,6.7382
1/16/02,6.3047
1/17/02,6.4815
1/18/02,6.33
1/22/02,6.2584
1/23/02,6.2205
1/24/02,6.3005
1/25/02,6.3805
1/28/02,6.2837
1/29/02,6.2416
1/30/02,6.0732
1/31/02,6.2121
2/1/02,6.1111
2/4/02,5.846
2/5/02,5.7323
2/6/02,5.8081
2/7/02,5.7828
2/8/02,6.1658
2/11/02,6.0269
2/12/02,6.1111
2/13/02,6.1658
2/14/02,6.3131
2/15/02,6.1995
2/19/02,5.6187
2/20/02,5.7239
2/21/02,5.6776
2/22/02,5.4924
2/25/02,5.6987
2/26/02,5.6019
2/27/02,5.1684
2/28/02,5.4798
3/1/02,5.7702
3/4/02,6.2584
3/5/02,6.1785
3/6/02,6.1616
3/7/02,6.0606
3/8/02,6.3594
3/11/02,6.3594
3/12/02,6.1742
3/13/02,5.9764
3/14/02,5.9638
3/15/02,6.0732
3/18/02,6.0859
3/19/02,6.1069
3/20/02,5.9301
3/21/02,6.1616
3/22/02,6.229
3/25/02,6.0396
3/26/02,5.9975
3/27/02,6.0143
3/28/02,5.9596
4/1/02,5.9428
4/2/02,5.7828
4/3/02,5.6145
4/4/02,5.5598
4/5/02,5.5892
4/8/02,5.8039
4/9/02,5.5976
4/10/02,5.665
4/11/02,5.3493
4/12/02,5.6902
4/15/02,5.8165
4/16/02,5.9007
4/17/02,5.7786
4/18/02,5.5808
4/19/02,5.7239
4/22/02,5.6481
4/23/02,5.5177
4/24/02,5.3956
4/25/02,5.4503
4/26/02,5.2315
4/29/02,5.3493
4/30/02,5.5892
5/1/02,5.6902
5/2/02,5.4966
5/3/02,5.3956
5/6/02,5.3157
5/7/02,5.2441
5/8/02,5.6818
5/9/02,5.6439
5/10/02,5.5766
5/13/02,5.7281
5/14/02,5.9596
5/15/02,6.0354
5/16/02,5.9133
5/17/02,5.9259
5/20/02,5.9133
5/21/02,5.8039
5/22/02,5.8123
5/23/02,6.1742
5/24/02,6.0269
5/28/02,5.888
5/29/02,5.9806
5/30/02,5.9386
5/31/02,5.8081
6/3/02,5.8039
6/4/02,5.8039
6/5/02,5.7912
6/6/02,5.7786
6/7/02,5.9638
6/10/02,5.9638
6/11/02,5.867
6/12/02,6.1364
6/13/02,6.2121
6/14/02,6.2121
6/17/02,6.6414
6/18/02,6.5404
6/19/02,6.5067
6/20/02,6.3594
6/21/02,6.2879
6/24/02,6.5951
6/25/02,6.351
6/26/02,6.3805
6/27/02,6.4646
6/28/02,6.4815
7/1/02,6.1616
7/2/02,6.069
7/3/02,6.2205
7/5/02,6.3721
7/8/02,5.9175
7/9/02,6.0059
7/10/02,6.1911
7/11/02,6.3552
7/12/02,6.4226
7/15/02,6.3973
7/16/02,6.3931
7/17/02,6.4815
7/18/02,6.3636
7/19/02,5.9891
7/22/02,5.9007
7/23/02,5.5934
7/24/02,5.867
7/25/02,5.6145
7/26/02,5.7828
7/29/02,6.0774
7/30/02,6.1322
7/31/02,6.0101
8/1/02,5.8123
8/2/02,5.7744
8/5/02,5.6145
8/6/02,5.8165
8/7/02,5.8418
8/8/02,6.0017
8/9/02,6.0185
8/12/02,6.0985
8/13/02,5.9007
8/14/02,6.048
8/15/02,6.1785
8/16/02,6.2037
8/19/02,6.5067
8/20/02,6.3594
8/21/02,6.3552
8/22/02,6.4604
8/23/02,6.33
8/26/02,6.2332
8/27/02,6.0185
8/28/02,5.8291
8/29/02,6.0059
8/30/02,5.947
9/3/02,5.7323
9/4/02,5.8502
9/5/02,5.7534
9/6/02,5.9428
9/9/02,6.2079
9/10/02,6.2963
9/11/02,6.149
9/12/02,6.0859
9/13/02,6.1027
9/17/02,6.0185
9/18/02,6.1195
9/19/02,6.0101
9/20/02,5.9933
9/23/02,5.8923
9/24/02,5.8712
9/25/02,5.9596
9/26/02,5.9638
9/27/02,6.0522
9/30/02,5.5598
10/1/02,5.6313
10/2/02,5.6061
10/3/02,5.4588
10/4/02,5.5093
10/7/02,5.3283
10/8/02,5.5051
10/9/02,5.5808
10/10/02,5.6061
10/11/02,5.9217
10/14/02,6.0522
10/15/02,6.1069
10/16/02,6.0985
10/17/02,6.1195
10/18/02,6.3089
10/21/02,6.633
10/22/02,6.5404
10/23/02,6.6919
10/24/02,6.532
10/25/02,6.5236
10/28/02,6.3763
10/29/02,6.4352
10/30/02,6.5783
10/31/02,6.654
11/26/02,7.1086
12/26/02,7.117
1/2/03,7.298
1/3/03,7.3569
1/6/03,7.681
1/7/03,7.6347
1/8/03,7.5589
1/9/03,7.7357
1/10/03,7.7189
1/13/03,7.7862
1/14/03,7.8072
1/15/03,7.7357
1/16/03,7.5
1/17/03,7.8746
1/21/03,7.9714
1/22/03,7.9209
1/23/03,7.9672
1/24/03,7.9209
1/27/03,7.7567
1/28/03,7.7273
1/29/03,7.883
1/30/03,7.8072
1/31/03,7.9082
2/3/03,7.7904
2/4/03,7.6894
2/5/03,7.7399
2/6/03,7.6978
2/7/03,7.6136
2/10/03,7.7399
2/11/03,7.7231
2/12/03,7.7189
2/13/03,7.7104
2/14/03,7.8914
2/18/03,8.0471
2/19/03,8.1019
2/20/03,8.0808
2/21/03,8.2449
2/24/03,8.1818
2/25/03,8.1692
2/26/03,8.0682
2/27/03,8.1481
2/28/03,8.2534
3/3/03,8.1608
3/4/03,8.2155
3/5/03,8.2997
3/6/03,8.2955
3/7/03,8.4091
3/10/03,8.3586
3/11/03,8.2997
3/12/03,8.3207
3/13/03,8.7247
3/14/03,8.83
3/17/03,9.154
3/18/03,9.2677
3/19/03,9.2466
3/20/03,9.3813
3/21/03,9.4487
3/24/03,9.213
3/25/03,9.335
3/26/03,9.4781
3/27/03,9.4487
3/28/03,9.3939
3/31/03,8.9773
4/1/03,9.0614
4/2/03,9.3434
4/3/03,9.3813
4/4/03,9.3266
4/7/03,9.3813
4/8/03,9.3939
4/9/03,9.1498
4/10/03,9.335
4/11/03,9.2887
4/14/03,9.2298
4/15/03,9.2803
4/16/03,9.3056
4/17/03,9.4907
4/21/03,9.55
4/22/03,9.3855
4/23/03,9.924
4/24/03,9.958
4/25/03,9.836
4/28/03,9.853
4/29/03,9.756
4/30/03,9.777
5/1/03,9.756
5/2/03,10.021
5/5/03,9.891
5/6/03,10.034
5/7/03,9.92
5/8/03,9.815
5/9/03,9.962
5/12/03,9.966
5/13/03,10.257
5/14/03,10.274
5/15/03,10.32
5/16/03,10.438
5/19/03,10.164
5/20/03,10.286
5/21/03,10.215
5/22/03,10.455
5/23/03,10.463
5/27/03,10.846
5/28/03,10.648
5/29/03,10.539
5/30/03,10.694
6/2/03,10.463
6/3/03,10.421
6/4/03,10.8
6/5/03,10.636
6/6/03,10.206
6/9/03,10.206
6/10/03,10.206
6/11/03,10.438
6/12/03,10.61
6/13/03,10.446
6/16/03,10.694
6/17/03,10.711
6/18/03,10.816
6/19/03,10.724
6/20/03,10.724
6/23/03,10.762
6/24/03,10.715
6/25/03,10.606
6/26/03,10.85
6/27/03,10.77
6/30/03,10.943
7/1/03,11.216
7/2/03,11.498
7/3/03,11.574
7/7/03,11.987
7/8/03,11.974
7/9/03,12.083
7/10/03,11.793
7/11/03,11.898
7/14/03,11.991
7/15/03,11.907
7/16/03,11.864
7/17/03,11.595
7/18/03,11.587
7/21/03,11.688
7/22/03,11.7
7/23/03,12.012
7/24/03,12.176
7/25/03,11.81
7/28/03,11.671
7/29/03,11.38
7/30/03,11.38
7/31/03,11.288
8/1/03,11.077
8/4/03,10.875
8/5/03,10.753
8/6/03,10.678
8/7/03,10.673
8/8/03,10.572
8/11/03,10.715
8/12/03,10.884
8/13/03,10.657
8/14/03,10.808
8/15/03,10.846
8/18/03,11.393
8/19/03,11.599
8/20/03,11.612
8/21/03,11.848
8/22/03,11.679
8/25/03,11.734
8/26/03,11.801
8/27/03,11.734
8/28/03,11.524
8/29/03,11.658
9/2/03,11.524
9/3/03,11.048
9/4/03,11.284
9/5/03,11.124
9/8/03,11.002
9/9/03,10.703
9/10/03,10.816
9/11/03,10.88
9/12/03,11.073
9/15/03,11.338
9/16/03,11.553
9/17/03,11.566
9/18/03,11.7
9/19/03,11.553
9/22/03,11.385
9/23/03,11.65
9/24/03,11.524
9/25/03,11.671
9/26/03,11.41
9/29/03,11.709
9/30/03,11.288
10/1/03,11.511
10/2/03,11.595
10/3/03,12.071
10/6/03,12.13
10/7/03,12.079
10/8/03,12.302
10/9/03,12.677
10/10/03,12.723
10/13/03,12.416
10/14/03,12.319
10/15/03,12.121
10/16/03,12.1
10/17/03,11.545
10/20/03,11.911
10/21/03,11.873
10/22/03,11.696
10/23/03,11.423
10/24/03,11.561
10/27/03,11.755
10/28/03,12.109
10/29/03,12.037
10/30/03,11.978
10/31/03,11.768
11/24/03,11.477
12/26/03,13.342
1/2/04,13.258
1/5/04,13.598
1/6/04,13.712
1/7/04,13.721
1/8/04,13.561
1/9/04,13.342
1/12/04,13.489
1/13/04,13.805
1/14/04,13.88
1/15/04,14.019
1/16/04,14.087
1/20/04,13.826
1/21/04,13.548
1/22/04,14.588
1/23/04,14.592
1/26/04,14.428
1/27/04,14.205
1/28/04,14.019
1/29/04,14.12
1/30/04,14.087
2/2/04,13.809
2/3/04,13.691
2/4/04,13.779
2/5/04,14.15
2/6/04,14.259
2/9/04,14.213
2/10/04,14.179
2/11/04,14.545
2/12/04,14.562
2/13/04,14.436
2/17/04,14.562
2/18/04,14.419
2/19/04,14.402
2/20/04,14.575
2/23/04,14.255
2/24/04,14.137
2/25/04,14.141
2/26/04,14.423
2/27/04,14.457
3/1/04,14.571
3/2/04,14.301
3/3/04,14.226
3/4/04,14.285
3/5/04,14.588
3/8/04,14.693
3/9/04,14.752
3/10/04,14.407
3/11/04,14.192
3/12/04,14.545
3/15/04,14.272
3/16/04,14.293
3/17/04,14.646
3/18/04,14.592
3/19/04,14.373
3/22/04,13.897
3/23/04,13.792
3/24/04,13.939
3/25/04,14.23
3/26/04,14.057
3/29/04,14.394
3/30/04,14.701
3/31/04,14.579
4/1/04,15.202
4/2/04,15.522
4/5/04,15.598
4/6/04,15.593
4/7/04,15.551
4/8/04,15.981
4/12/04,16.035
4/13/04,15.715
4/14/04,15.795
4/15/04,15.859
4/16/04,15.753
4/19/04,15.993
4/20/04,15.564
4/21/04,15.737
4/22/04,17.382
4/23/04,17.285
4/26/04,17.168
4/27/04,17.668
4/28/04,17.529
4/29/04,17.264
4/30/04,16.843
5/3/04,17.222
5/4/04,17.412
5/5/04,17.441
5/6/04,17.037
5/7/04,16.797
5/10/04,16.317
5/11/04,16.81
5/12/04,16.999
5/13/04,16.717
5/14/04,16.616
5/17/04,16.486
5/18/04,16.641
5/19/04,16.688
5/20/04,16.848
5/21/04,16.907
5/24/04,17.277
5/25/04,17.955
5/26/04,18.194
5/27/04,18.527
5/28/04,18.687
6/1/04,18.885
6/2/04,18.708
6/3/04,18.434
6/4/04,18.535
6/7/04,18.615
6/8/04,18.729
6/9/04,18.165
6/10/04,18.392
6/14/04,18.013
6/15/04,18.401
6/16/04,18.493
6/17/04,18.274
6/18/04,18.203
6/21/04,18.06
6/22/04,18.35
6/23/04,18.59
6/24/04,18.674
6/25/04,19.091
6/28/04,19.533
6/29/04,19.322
6/30/04,19.352
7/1/04,19.066
7/2/04,19.205
7/6/04,18.906
7/7/04,18.283
7/8/04,17.605
7/9/04,17.63
7/12/04,17.71
7/13/04,17.546
7/14/04,17.626
7/15/04,17.563
7/16/04,16.911
7/19/04,16.519
7/20/04,16.827
7/21/04,16.12
7/22/04,16.288
7/23/04,15.787
7/26/04,15.627
7/27/04,16.511
7/28/04,16.582
7/29/04,16.721
7/30/04,16.481
8/2/04,16.658
8/3/04,16.221
8/4/04,15.951
8/5/04,15.53
8/6/04,15.522
8/9/04,15.354
8/10/04,15.939
8/11/04,16.073
8/12/04,16.313
8/13/04,16.279
8/16/04,16.566
8/17/04,16.742
8/18/04,16.814
8/19/04,16.768
8/20/04,17.125
8/23/04,17.327
8/24/04,17.652
8/25/04,18.026
8/26/04,18.182
8/27/04,18.077
8/30/04,17.997
8/31/04,18.211
9/1/04,18.439
9/2/04,18.843
9/3/04,18.809
9/7/04,18.75
9/8/04,18.75
9/9/04,18.497
9/10/04,18.952
9/13/04,19.381
9/14/04,19.865
9/15/04,19.79
9/16/04,19.428
9/17/04,19.592
9/20/04,19.234
9/21/04,19.078
9/22/04,18.683
9/23/04,18.96
9/24/04,18.775
9/27/04,18.674
9/28/04,18.99
9/29/04,19.394
9/30/04,19.348
10/1/04,19.453
10/4/04,19.71
10/5/04,19.756
10/6/04,20.328
10/7/04,19.987
10/8/04,19.487
10/11/04,19.726
10/12/04,19.672
10/13/04,19.899
10/14/04,20.088
10/15/04,19.731
10/18/04,19.928
10/19/04,19.457
10/20/04,19.226
10/21/04,20.96
10/22/04,20.181
10/25/04,20.181
10/26/04,20.042
10/27/04,20.766
10/28/04,20.808
10/29/04,20.543
11/26/04,23.464
12/28/04,24.444
1/3/05,24.011
1/4/05,23.426
1/5/05,23.338
1/6/05,22.344
1/7/05,22.428
1/10/05,22.584
1/11/05,22.062
1/12/05,22.567
1/13/05,21.717
1/14/05,22.138
1/18/05,22.386
1/19/05,21.684
1/20/05,17.534
1/21/05,18.106
1/24/05,17.336
1/25/05,16.843
1/26/05,17.323
1/27/05,17.403
1/28/05,17.066
1/31/05,17.151
2/1/05,16.402
2/2/05,16.582
2/3/05,16.25
2/4/05,15.968
2/7/05,15.909
2/8/05,16.528
2/9/05,16.62
2/10/05,17.092
2/11/05,17.269
2/14/05,17.744
2/15/05,17.971
2/16/05,18.119
2/17/05,17.98
2/18/05,17.87
2/22/05,17.298
2/23/05,17.609
2/24/05,17.832
2/25/05,17.778
2/28/05,18.03
3/1/05,17.921
3/2/05,17.706
3/3/05,17.462
3/4/05,17.572
3/7/05,17.63
3/8/05,17.193
3/9/05,16.793
3/10/05,16.355
3/11/05,16.098
3/14/05,15.354
3/15/05,15.602
3/16/05,15.354
3/17/05,15.202
3/18/05,14.735
3/21/05,15.206
3/22/05,15.101
3/23/05,15.118
3/24/05,14.941
3/28/05,15.114
3/29/05,15.194
3/30/05,15.863
3/31/05,15.682
4/1/05,15.602
4/4/05,16.061
4/5/05,16.111
4/6/05,15.644
4/7/05,15.21
4/8/05,14.798
4/11/05,14.297
4/12/05,14.167
4/13/05,13.801
4/14/05,13.885
4/15/05,13.455
4/18/05,13.721
4/19/05,13.54
4/20/05,13.935
4/21/05,13.923
4/22/05,13.262
4/25/05,13.279
4/26/05,13.106
4/27/05,13.249
4/28/05,13.384
4/29/05,13.346
5/2/05,13.266
5/3/05,13.54
5/4/05,14.508
5/5/05,14.272
5/6/05,14.221
5/9/05,14.125
5/10/05,13.784
5/11/05,13.981
5/12/05,14.226
5/13/05,14.756
5/16/05,14.891
5/17/05,14.848
5/18/05,15.025
5/19/05,15.219
5/20/05,15.387
5/23/05,15.619
5/24/05,15.526
5/25/05,15.812
5/26/05,15.922
5/27/05,16.12
5/31/05,15.993
6/1/05,16.46
6/2/05,16.435
6/3/05,15.909
6/6/05,16.263
6/7/05,15.913
6/8/05,15.614
6/9/05,15.661
6/10/05,15.417
6/13/05,15.577
6/14/05,15.61
6/15/05,15.715
6/16/05,15.808
6/17/05,16.014
6/20/05,15.673
6/21/05,15.53
6/22/05,15.316
6/23/05,14.495
6/24/05,14.465
6/27/05,14.154
6/28/05,14.078
6/29/05,13.847
6/30/05,13.893
7/1/05,13.838
7/5/05,14.116
7/6/05,14.125
7/7/05,14.348
7/8/05,14.52
7/11/05,14.962
7/12/05,14.941
7/13/05,14.701
7/14/05,14.747
7/15/05,14.764
7/18/05,14.689
7/19/05,14.886
7/20/05,14.676
7/21/05,17.719
7/22/05,17.264
7/25/05,17.205
7/26/05,17.012
7/27/05,17.673
7/28/05,17.685
7/29/05,17.584
8/1/05,18.354
8/2/05,18.834
8/3/05,18.75
8/4/05,18.447
8/5/05,18.241
8/8/05,18.186
8/9/05,18.018
8/10/05,17.513
8/11/05,17.5
8/12/05,17.239
8/15/05,17.353
8/16/05,16.995
8/17/05,17.033
8/18/05,16.806
8/19/05,16.839
8/22/05,16.477
8/23/05,16.406
8/24/05,16.397
8/25/05,16.364
8/26/05,16.402
8/29/05,16.612
8/30/05,16.709
8/31/05,17.041
9/1/05,16.81
9/2/05,16.705
9/6/05,16.907
9/7/05,17.029
9/8/05,16.385
9/9/05,16.254
9/12/05,16.389
9/13/05,16.111
9/14/05,15.85
9/15/05,15.846
9/16/05,15.614
9/19/05,15.547
9/20/05,15.45
9/21/05,15.509
9/22/05,15.875
9/23/05,16.322
9/26/05,16.296
9/27/05,16.46
9/28/05,16.385
9/29/05,17.382
9/30/05,17.34
10/3/05,17.593
10/4/05,16.919
10/5/05,16.915
10/6/05,16.599
10/7/05,16.793
10/10/05,17.029
10/11/05,17.029
10/12/05,16.591
10/13/05,16.684
10/14/05,16.709
10/17/05,17.189
10/18/05,17.012
10/19/05,17.681
10/20/05,16.477
10/21/05,16.536
10/24/05,16.591
10/25/05,15.997
10/26/05,16.12
10/27/05,15.926
10/28/05,16.174
10/31/05,16.671
11/28/05,19.095
12/28/05,18.674
1/3/06,18.712
1/4/06,18.733
1/5/06,19.31
1/6/06,19.634
1/9/06,19.609
1/10/06,19.415
1/11/06,19.095
1/12/06,18.872
1/13/06,19.343
1/17/06,19.112
1/18/06,18.704
1/19/06,19.684
1/20/06,18.927
1/23/06,18.392
1/24/06,18.632
1/25/06,18.287
1/26/06,18.54
1/27/06,18.548
1/30/06,18.136
1/31/06,18.14
2/1/06,18.039
2/2/06,17.5
2/3/06,17.079
2/6/06,17.159
2/7/06,16.806
2/8/06,17.041
2/9/06,16.637
2/10/06,16.637
2/13/06,16.654
2/14/06,16.835
2/15/06,17.109
2/16/06,17.58
2/17/06,17.386
2/21/06,17.172
2/22/06,17.403
2/23/06,17.353
2/24/06,17.462
2/27/06,17.374
2/28/06,16.86
3/1/06,16.793
3/2/06,16.928
3/3/06,16.991
3/6/06,16.755
3/7/06,16.385
3/8/06,16.132
3/9/06,15.854
3/10/06,15.93
3/13/06,15.943
3/14/06,16.545
3/15/06,16.465
3/16/06,16.149
3/17/06,16.086
3/20/06,16.162
3/21/06,15.96
3/22/06,15.943
3/23/06,15.724
3/24/06,15.699
3/27/06,15.636
3/28/06,16.359
3/29/06,16.549
3/30/06,16.536
3/31/06,16.414
4/3/06,16.414
4/4/06,16.582
4/5/06,16.216
4/6/06,16.33
4/7/06,16.103
4/10/06,16.031
4/11/06,16.128
4/12/06,16.191
4/13/06,16.242
4/17/06,16.006
4/18/06,16.364
4/19/06,16.982
4/20/06,15.476
4/21/06,14.769
4/24/06,14.701
4/25/06,14.516
4/26/06,14.402
4/27/06,14.617
4/28/06,14.482
5/1/06,14.444
5/2/06,14.621
5/3/06,14.381
5/4/06,14.356
5/5/06,13.632
5/8/06,13.182
5/9/06,13.409
5/10/06,13.716
5/11/06,13.476
5/12/06,13.253
5/15/06,13.144
5/16/06,12.744
5/17/06,12.42
5/18/06,12.475
5/19/06,12.5
5/22/06,12.529
5/23/06,12.647
5/24/06,12.71
5/25/06,14.259
5/26/06,14.394
5/30/06,13.977
5/31/06,13.809
6/1/06,13.923
6/2/06,13.733
6/5/06,13.678
6/6/06,13.295
6/7/06,13.43
6/8/06,13.14
6/9/06,12.87
6/12/06,12.673
6/13/06,12.841
6/14/06,12.904
6/15/06,12.934
6/16/06,12.744
6/19/06,12.673
6/20/06,12.698
6/21/06,12.938
6/22/06,12.63
6/23/06,12.626
6/26/06,12.508
6/27/06,11.89
6/28/06,12.1
6/29/06,12.315
6/30/06,12.327
7/3/06,12.29
7/5/06,11.936
7/6/06,11.301
7/7/06,11.204
7/10/06,11.355
7/11/06,11.7
7/12/06,11.456
7/13/06,11.187
7/14/06,10.766
7/17/06,11.178
7/18/06,11.191
7/19/06,10.913
7/20/06,10.379
7/21/06,10.303
7/24/06,10.577
7/25/06,10.379
7/26/06,10.282
7/27/06,9.975
7/28/06,10.282
7/31/06,10.13
8/1/06,9.954
8/2/06,9.676
8/3/06,10.13
8/4/06,10.185
8/7/06,10.152
8/8/06,10.585
8/9/06,10.349
8/10/06,10.455
8/11/06,10.185
8/14/06,10.185
8/15/06,10.492
8/16/06,10.867
8/17/06,11.646
8/18/06,11.469
8/21/06,11.254
8/22/06,11.54
8/23/06,11.364
8/24/06,10.85
8/25/06,10.644
8/28/06,10.854
8/29/06,11.435
8/30/06,11.974
8/31/06,11.709
9/1/06,11.848
9/5/06,12.071
9/6/06,11.873
9/7/06,11.587
9/8/06,11.999
9/11/06,11.818
9/12/06,11.974
9/13/06,11.785
9/14/06,11.806
9/15/06,11.721
9/18/06,11.296
9/19/06,10.922
9/20/06,11.002
9/21/06,10.976
9/22/06,10.989
9/25/06,11.035
9/26/06,11.646
9/27/06,11.414
9/28/06,11.957
9/29/06,11.936
10/2/06,11.561
10/3/06,11.86
10/4/06,12.584
10/5/06,12.82
10/6/06,12.37
10/9/06,12.412
10/10/06,12.449
10/11/06,12.247
10/12/06,12.492
10/13/06,12.521
10/16/06,12.269
10/17/06,12.113
10/18/06,11.991
10/19/06,12.832
10/20/06,12.832
10/23/06,13.359
10/24/06,13.169
10/25/06,13.502
10/26/06,13.796
10/27/06,13.497
10/30/06,13.569
10/31/06,13.523
11/28/06,13.476
12/27/06,12.862
1/3/07,12.698
1/4/07,13.295
1/5/07,12.955
1/8/07,12.5
1/9/07,12.521
1/10/07,12.332
1/11/07,12.723
1/12/07,12.626
1/16/07,12.643
1/17/07,12.605
1/18/07,12.42
1/19/07,12.483
1/22/07,12.34
1/23/07,12.045
1/24/07,12.626
1/25/07,13.657
1/26/07,13.321
1/29/07,13.468
1/30/07,13.506
1/31/07,13.632
2/1/07,13.531
2/2/07,13.636
2/5/07,13.573
2/6/07,13.826
2/7/07,14.045
2/8/07,14.133
2/9/07,14.104
2/12/07,13.805
2/13/07,13.838
2/14/07,14.087
2/15/07,14.167
2/16/07,14.15
2/20/07,14.074
2/21/07,14.099
2/22/07,14.179
2/23/07,14.306
2/26/07,14.066
2/27/07,13.468
2/28/07,13.493
3/1/07,13.439
3/2/07,12.976
3/5/07,12.774
3/6/07,13.19
3/7/07,13.06
3/8/07,13.056
3/9/07,12.971
3/12/07,13.047
3/13/07,12.799
3/14/07,13.106
3/15/07,13.359
3/16/07,13.359
3/19/07,13.346
3/20/07,13.258
3/21/07,13.535
3/22/07,13.62
3/23/07,13.396
3/26/07,13.981
3/27/07,14.028
3/28/07,13.935
3/29/07,13.906
3/30/07,13.952
4/2/07,13.889
4/3/07,14.226
4/4/07,14.192
4/5/07,14.188
4/9/07,14.2
4/10/07,14.306
4/11/07,14.146
4/12/07,14.331
4/13/07,14.638
4/16/07,14.773
4/17/07,14.815
4/18/07,14.499
4/19/07,13.969
4/20/07,14.108
4/23/07,14.108
4/24/07,14.209
4/25/07,14.213
4/26/07,14.402
4/27/07,14.381
4/30/07,14.285
5/1/07,14.082
5/2/07,14.192
5/3/07,14.571
5/4/07,14.373
5/7/07,14.301
5/8/07,14.453
5/9/07,14.726
5/10/07,14.251
5/11/07,14.394
5/14/07,14.276
5/15/07,14.099
5/16/07,13.994
5/17/07,13.88
5/18/07,13.763
5/21/07,13.746
5/22/07,13.914
5/23/07,13.838
5/24/07,13.767
5/25/07,13.742
5/29/07,13.641
5/30/07,13.981
5/31/07,13.704
6/1/07,13.582
6/4/07,13.695
6/5/07,13.338
6/6/07,13.119
6/7/07,12.883
6/8/07,13.224
6/11/07,13.253
6/12/07,13.03
6/13/07,13.249
6/14/07,13.304
6/15/07,13.485
6/18/07,13.316
6/19/07,13.203
6/20/07,13.098
6/21/07,13.102
6/22/07,13.367
6/25/07,13.447
6/26/07,13.316
6/27/07,13.502
6/28/07,13.451
6/29/07,13.544
7/2/07,13.607
7/3/07,13.531
7/5/07,13.582
7/6/07,14.053
7/9/07,14.146
7/10/07,13.851
7/11/07,14.137
7/12/07,14.407
7/13/07,14.289
7/16/07,14.474
7/17/07,14.415
7/18/07,14.331
7/19/07,14.099
7/20/07,14.112
7/23/07,13.927
7/24/07,13.91
7/25/07,14.125
7/26/07,13.902
7/27/07,13.708
7/30/07,13.725
7/31/07,13.636
8/1/07,13.796
8/2/07,13.906
8/3/07,14.024
8/6/07,14.571
8/7/07,15.101
8/8/07,15.45
8/9/07,15.4
8/10/07,15.152
8/13/07,14.954
8/14/07,14.676
8/15/07,14.533
8/16/07,14.158
8/17/07,14.369
8/20/07,14.217
8/21/07,14.478
8/22/07,14.499
8/23/07,14.394
8/24/07,14.343
8/27/07,14.116
8/28/07,13.851
8/29/07,14.078
8/30/07,14.141
8/31/07,14.352
9/4/07,14.558
9/5/07,14.827
9/6/07,15.042
9/7/07,14.836
9/10/07,14.726
9/11/07,15.282
9/12/07,15.476
9/13/07,15.846
9/14/07,15.913
9/17/07,15.703
9/18/07,16.023
9/19/07,16.25
9/20/07,16.052
9/21/07,16.41
9/24/07,16.237
9/25/07,16.444
9/26/07,16.49
9/27/07,16.528
9/28/07,16.423
10/1/07,16.692
10/2/07,16.553
10/3/07,16.553
10/4/07,16.481
10/5/07,16.309
10/8/07,16.061
10/9/07,16.456
10/10/07,16.574
10/11/07,16.448
10/12/07,16.793
10/15/07,16.414
10/16/07,16.246
10/17/07,17.088
10/18/07,16.035
10/19/07,15.455
10/22/07,15.282
10/23/07,15.126
10/24/07,15.067
10/25/07,14.836
10/26/07,15.421
10/29/07,15.425
10/30/07,15.375
10/31/07,15.194
11/28/07,14.205
12/24/07,14.381
1/2/08,13.674
1/3/08,13.822
1/4/08,13.173
1/7/08,12.811
1/8/08,12.63
1/9/08,12.572
1/10/08,12.778
1/11/08,12.492
1/14/08,12.302
1/15/08,11.763
1/16/08,11.822
1/17/08,11.835
1/18/08,11.923
1/22/08,11.418
1/23/08,12.18
1/24/08,11.439
1/25/08,11.292
1/28/08,11.309
1/29/08,10.993
1/30/08,11.069
1/31/08,11.317
2/1/08,12.125
2/4/08,12.125
2/5/08,11.692
2/6/08,11.696
2/7/08,11.717
2/8/08,11.814
2/11/08,11.856
2/12/08,11.662
2/13/08,11.721
2/14/08,11.747
2/15/08,11.696
2/19/08,11.641
2/20/08,11.465
2/21/08,11.372
2/22/08,11.662
2/25/08,11.789
2/26/08,11.578
2/27/08,11.616
2/28/08,11.477
2/1/08,11.094
3/3/08,10.88
3/4/08,11.048
3/5/08,11.254
3/6/08,10.997
3/7/08,10.85
3/10/08,10.825
3/11/08,11.115
3/12/08,11.191
3/13/08,11.237
3/14/08,11.048
3/17/08,10.846
3/18/08,11.595
3/19/08,11.561
3/20/08,12.037
3/24/08,12.546
3/25/08,12.374
3/26/08,12.403
3/27/08,12.938
3/28/08,12.719
3/31/08,12.559
4/1/08,13.22
4/2/08,13.367
4/3/08,13.35
4/4/08,13.864
4/7/08,13.649
4/8/08,13.409
4/9/08,13.291
4/10/08,13.451
4/11/08,12.992
4/14/08,13.203
4/15/08,13.291
4/16/08,13.519
4/17/08,13.051
4/18/08,13.346
4/21/08,12.891
4/22/08,13.001
4/23/08,12.908
4/24/08,13.136
4/25/08,13.173
4/28/08,13.169
4/29/08,13.081
4/30/08,13.169
5/1/08,13.375
5/2/08,13.093
5/5/08,12.988
5/6/08,12.959
5/7/08,12.664
5/8/08,12.71
5/9/08,12.626
5/12/08,13.098
5/13/08,13.22
5/14/08,13.14
5/15/08,13.439
5/16/08,13.119
5/19/08,12.997
5/20/08,12.883
5/21/08,12.656
5/22/08,12.858
5/23/08,12.702
5/27/08,12.778
5/28/08,12.479
5/29/08,12.546
5/30/08,12.63
6/2/08,12.336
6/3/08,12.323
6/4/08,12.58
6/5/08,12.652
6/6/08,12.315
6/9/08,12.235
6/10/08,12.197
6/11/08,11.667
6/12/08,11.818
6/13/08,11.944
6/16/08,12.058
6/17/08,12.125
6/18/08,12.176
6/19/08,12.277
6/20/08,11.856
6/23/08,11.671
6/24/08,11.785
6/25/08,11.852
6/26/08,11.612
6/27/08,11.62
6/30/08,11.503
7/1/08,11.675
7/2/08,11.41
7/3/08,11.279
7/7/08,11.33
7/8/08,12.058
7/9/08,11.763
7/10/08,11.86
7/11/08,11.789
7/14/08,11.57
7/15/08,11.317
7/16/08,11.827
7/17/08,10.185
7/18/08,10.093
7/21/08,10.126
7/22/08,10.539
7/23/08,10.682
7/24/08,10.265
7/25/08,10.69
7/28/08,10.429
7/29/08,10.741
7/30/08,10.728
7/31/08,10.593
8/1/08,10.345
8/4/08,10.543
8/5/08,10.779
8/6/08,10.707
8/7/08,10.715
8/8/08,11.094
8/11/08,11.258
8/12/08,10.964
8/13/08,10.859
8/14/08,10.964
8/15/08,10.934
8/18/08,10.737
8/19/08,10.686
8/20/08,10.505
8/21/08,10.32
8/22/08,10.535
8/25/08,10.425
8/26/08,10.379
8/27/08,10.471
8/28/08,10.69
8/29/08,10.492
9/2/08,10.13
9/3/08,10.202
9/4/08,10.021
9/5/08,10.004
9/8/08,9.882
9/9/08,9.554
9/10/08,9.836
9/11/08,9.693
9/12/08,9.4907
9/15/08,9.2593
9/16/08,9.6
9/17/08,9.2256
9/18/08,9.68
9/19/08,9.752
9/22/08,9.1035
9/23/08,9.0404
9/24/08,9.1035
9/25/08,9.4108
9/26/08,9.4992
9/29/08,8.3965
9/30/08,9.4192
10/1/08,8.7753
10/2/08,8.0598
10/3/08,7.9714
10/6/08,7.5295
10/7/08,6.9444
10/8/08,7.1591
10/9/08,6.7172
10/10/08,7.0412
10/13/08,7.6178
10/14/08,7.4663
10/15/08,6.452
10/16/08,6.3005
10/17/08,6.4604
10/20/08,6.5109
10/21/08,6.2584
10/22/08,6.3258
10/23/08,6.4478
10/24/08,6.2668
10/27/08,6.1153
10/28/08,6.6793
10/29/08,6.3805
10/30/08,6.4773
10/31/08,6.4268
11/24/08,5.3872
12/26/08,5.7239
1/2/09,6.17
1/5/09,6.2163
1/6/09,6.3889
1/7/09,6.1406
1/8/09,6.1742
1/9/09,5.9722
1/12/09,5.8965
1/13/09,5.947
1/14/09,5.4377
1/15/09,5.6566
1/16/09,5.5808
1/20/09,5.282
1/21/09,5.5892
1/22/09,4.9116
1/23/09,5.0505
1/26/09,4.9958
1/27/09,5.0884
1/28/09,5.3535
1/29/09,5.1557
1/30/09,5.0589
2/2/09,5.1473
2/3/09,5.404
2/4/09,5.303
2/5/09,5.5598
2/6/09,5.7365
2/9/09,5.8291
2/10/09,5.6187
2/11/09,5.6187
2/12/09,5.6313
2/13/09,5.5513
2/17/09,5.1852
2/18/09,5.2567
2/19/09,5.1178
2/20/09,5.1263
2/23/09,4.8527
2/24/09,4.9705
2/25/09,4.9369
2/26/09,4.819
2/27/09,4.5749
3/2/09,4.4192
3/3/09,4.3855
3/4/09,4.5497
3/5/09,4.4024
3/6/09,4.3897
3/9/09,4.3224
3/10/09,4.6717
3/11/09,4.8948
3/12/09,5.1094
3/13/09,5.021
3/16/09,4.8653
3/17/09,5.1094
3/18/09,5.1431
3/19/09,5.1515
3/20/09,5.0884
3/23/09,5.4966
3/24/09,5.3114
3/25/09,5.3451
3/26/09,5.5135
3/27/09,5.4082
3/30/09,5.2525
3/31/09,5.2862
4/1/09,5.5261
4/2/09,5.7239
4/3/09,6.0227
4/6/09,5.9007
4/7/09,5.7197
4/8/09,5.8712
4/9/09,6.3215
4/13/09,6.1574
4/14/09,6.0522
4/15/09,6.0269
4/16/09,6.0648
4/17/09,6.0564
4/20/09,5.9175
4/21/09,6.0143
4/22/09,6.2205
4/23/09,6.9949
4/24/09,7.0623
4/27/09,6.9318
4/28/09,6.8182
4/29/09,6.9318
4/30/09,6.9318
5/1/09,6.9487
5/4/09,7.0455
5/5/09,7.2348
5/6/09,7.218
5/7/09,7.0455
5/8/09,7.3148
5/11/09,7.2517
5/12/09,7.1843
5/13/09,6.8056
5/14/09,7.0875
5/15/09,7.117
5/18/09,7.4495
5/19/09,7.521
5/20/09,7.4537
5/21/09,7.218
5/22/09,7.3064
5/26/09,7.3822
5/27/09,7.1212
5/28/09,7.298
5/29/09,7.4158
6/1/09,7.6768
6/2/09,7.5589
6/3/09,7.5631
6/4/09,7.5758
6/5/09,7.5084
6/8/09,7.4242
6/9/09,7.4537
6/10/09,7.42
6/11/09,7.5253
6/12/09,7.4916
6/15/09,7.3232
6/16/09,7.2517
6/17/09,7.1928
6/18/09,7.2054
6/19/09,7.2727
6/22/09,6.9234
6/23/09,6.9108
6/24/09,7.0539
6/25/09,7.2138
6/26/09,7.3022
6/29/09,7.3064
6/30/09,7.2096
7/1/09,7.0623
7/2/09,6.8771
7/6/09,6.9234
7/7/09,6.6961
7/8/09,6.7424
7/9/09,6.7719
7/10/09,6.8603
7/13/09,7.0539
7/14/09,7.1928
7/15/09,7.5042
7/16/09,7.8199
7/17/09,7.8072
7/20/09,7.9251
7/21/09,7.9672
7/22/09,8.186
7/23/09,9.0572
7/24/09,8.9394
7/27/09,9.1625
7/28/09,9.1919
7/29/09,9.0067
7/30/09,9.1162
7/31/09,8.9436
8/3/09,9.2761
8/4/09,9.1919
8/5/09,9.0951
8/6/09,9.4571
8/7/09,9.4907
8/10/09,9.4655
8/11/09,9.3098
8/12/09,9.4024
8/13/09,9.3266
8/14/09,9.1077
8/17/09,8.771
8/18/09,8.8215
8/19/09,8.8931
8/20/09,9.0067
8/21/09,9.2929
8/24/09,9.3561
8/25/09,9.3897
8/26/09,9.3729
8/27/09,9.4318
8/28/09,9.4529
8/31/09,9.3182
9/1/09,9.1246
9/2/09,8.9857
9/3/09,9.0194
9/4/09,9.2214
9/8/09,9.1877
9/9/09,9.545
9/10/09,9.895
9/11/09,9.916
9/14/09,10.025
9/15/09,10.16
9/16/09,10.236
9/17/09,10.282
9/18/09,10.244
9/21/09,10.164
9/22/09,10.29
9/23/09,10.021
9/24/09,9.907
9/25/09,9.87
9/28/09,10.067
9/29/09,10.046
9/30/09,9.933
10/1/09,9.781
10/2/09,9.554
10/5/09,9.642
10/6/09,10.08
10/7/09,10.248
10/8/09,10.442
10/9/09,10.278
10/12/09,10.429
10/13/09,10.598
10/14/09,10.707
10/15/09,10.484
10/16/09,10.307
10/19/09,10.585
10/20/09,10.547
10/21/09,10.535
10/22/09,10.088
10/23/09,9.916
10/26/09,9.819
10/27/09,9.743
10/28/09,9.575
10/29/09,9.684
10/30/09,9.3729
11/25/09,9.937
12/28/09,10.046
1/4/10,10.059
1/5/10,9.954
1/6/10,9.891
1/7/10,9.777
1/8/10,9.895
1/11/10,9.87
1/12/10,9.76
1/13/10,9.933
1/14/10,9.63
1/15/10,9.4571
1/19/10,9.79
1/20/10,9.3561
1/21/10,10.156
1/22/10,9.924
1/25/10,9.971
1/26/10,10.13
1/27/10,10.088
1/28/10,9.819
1/29/10,9.689
2/1/10,9.752
2/2/10,9.714
2/3/10,9.777
2/4/10,9.4487
2/5/10,9.558
2/8/10,9.4655
2/9/10,9.415
2/10/10,9.2424
2/11/10,9.314
2/12/10,9.1625
2/16/10,9.4781
2/17/10,9.545
2/18/10,9.613
2/19/10,9.857
2/22/10,9.798
2/23/10,9.634
2/24/10,9.79
2/25/10,9.68
2/26/10,9.689
3/1/10,10.051
3/2/10,10.097
3/3/10,9.895
3/4/10,10.008
3/5/10,10.366
3/8/10,10.455
3/9/10,10.737
3/10/10,10.758
3/11/10,10.707
3/12/10,10.93
3/15/10,11.061
3/16/10,11.275
3/17/10,11.355
3/18/10,11.557
3/19/10,11.444
3/22/10,11.393
3/23/10,11.385
3/24/10,11.338
3/25/10,11.599
3/26/10,11.553
3/29/10,11.481
3/30/10,11.423
3/31/10,11.351
4/1/10,11.183
4/5/10,11.519
4/6/10,11.477
4/7/10,11.301
4/8/10,11.136
4/9/10,11.174
4/12/10,11.208
4/13/10,11.212
4/14/10,11.38
4/15/10,11.355
4/16/10,11.082
4/19/10,11.077
4/20/10,11.111
4/21/10,11.065
4/22/10,10.429
4/23/10,10.332
4/26/10,10.345
4/27/10,10.004
4/28/10,10.097
4/29/10,10.202
4/30/10,10.008
5/3/10,10.063
5/4/10,9.714
5/5/10,9.537
5/6/10,9.3729
5/7/10,9.0404
5/10/10,9.3981
5/11/10,9.4192
5/12/10,9.4739
5/13/10,9.545
5/14/10,9.3645
5/17/10,9.4739
5/18/10,9.3308
5/19/10,9.1077
5/20/10,8.7584
5/21/10,9.0152
5/24/10,8.9899
5/25/10,9.0867
5/26/10,8.9983
5/27/10,9.2214
5/28/10,9.0109
6/1/10,8.8215
6/2/10,8.9436
6/3/10,9.335
6/4/10,9.2551
6/7/10,9.0699
6/8/10,9.1288
6/9/10,9.1667
6/10/10,9.3771
6/11/10,9.533
6/14/10,9.3476
6/15/10,9.4234
6/16/10,9.314
6/17/10,9.3013
6/18/10,9.3266
6/21/10,9.2045
6/22/10,9.0741
6/23/10,8.9815
6/24/10,8.7795
6/25/10,8.8173
6/28/10,8.7163
6/29/10,8.287
6/30/10,8.2534
7/1/10,8.266
7/2/10,8.1061
7/6/10,8.1439
7/7/10,8.3375
7/8/10,8.3712
7/9/10,8.5396
7/12/10,8.5101
7/13/10,8.8426
7/14/10,8.8847
7/15/10,8.851
7/16/10,8.4554
7/19/10,8.5859
7/20/10,8.75
7/21/10,8.4891
7/22/10,8.8131
7/23/10,8.8763
7/26/10,8.8973
7/27/10,8.8552
7/28/10,8.8552
7/29/10,8.7416
7/30/10,8.8005
8/2/10,9.032
8/3/10,8.8258
8/4/10,8.8805
8/5/10,8.8678
8/6/10,9.0278
8/9/10,9.2508
8/10/10,9.2214
8/11/10,8.9436
8/12/10,9.0867
8/13/10,9.0488
8/16/10,9.2803
8/17/10,9.4066
8/18/10,9.571
8/19/10,9.735
8/20/10,9.836
8/23/10,9.794
8/24/10,9.625
8/25/10,9.747
8/26/10,9.566
8/27/10,9.756
8/30/10,9.735
8/31/10,9.777
9/1/10,10.114
9/2/10,10.126
9/3/10,10.156
9/7/10,9.903
9/8/10,10.341
9/9/10,10.227
9/10/10,10.143
9/13/10,10.227
9/14/10,10.206
9/15/10,10.181
9/16/10,10.059
9/17/10,10.194
9/20/10,10.375
9/21/10,10.412
9/22/10,10.244
9/23/10,10.206
9/24/10,10.412
9/27/10,10.425
9/28/10,10.467
9/29/10,10.518
9/30/10,10.269
10/1/10,10.295
10/4/10,10.135
10/5/10,10.349
10/6/10,10.29
10/7/10,10.417
10/8/10,10.358
10/11/10,10.223
10/12/10,10.286
10/13/10,10.467
10/14/10,10.636
10/15/10,10.808
10/18/10,10.825
10/19/10,10.745
10/20/10,10.8
10/21/10,11.444
10/22/10,11.814
10/25/10,11.755
10/26/10,12.1
10/27/10,12.323
10/28/10,12.508
10/29/10,12.567
11/26/10,13.11
12/28/10,11.932
1/3/11,12.071
1/4/11,11.982
1/5/11,12.092
1/6/11,11.961
1/7/11,11.658
1/10/11,11.894
1/11/11,11.936
1/12/11,12.134
1/13/11,12.083
1/14/11,12.281
1/18/11,12.395
1/19/11,12.247
1/20/11,12.955
1/21/11,12.635
1/24/11,12.841
1/25/11,13.009
1/26/11,13.072
1/27/11,13.03
1/28/11,12.757
1/31/11,12.778
2/1/11,13.316
2/2/11,13.418
2/3/11,13.489
2/4/11,13.556
2/7/11,13.565
2/8/11,13.737
2/9/11,13.447
2/10/11,14.516
2/11/11,14.524
2/14/11,14.251
2/15/11,14.503
2/16/11,14.503
2/17/11,14.6
2/18/11,14.533
2/22/11,14.162
2/23/11,13.826
2/24/11,13.927
2/25/11,14.154
2/28/11,14.104
3/1/11,13.59
3/2/11,13.754
3/3/11,13.859
3/4/11,13.472
3/7/11,13.258
3/8/11,13.329
3/9/11,13.186
3/10/11,13.081
3/11/11,13.013
3/14/11,12.95
3/15/11,12.811
3/16/11,12.513
3/17/11,12.605
3/18/11,12.824
3/21/11,12.87
3/22/11,12.719
3/23/11,12.908
3/24/11,13.367
3/25/11,13.342
3/28/11,12.769
3/29/11,13.081
3/30/11,13.312
3/31/11,13.064
4/1/11,13.199
4/4/11,13.211
4/5/11,13.401
4/6/11,13.405
4/7/11,13.27
4/8/11,13.106
4/11/11,13.127
4/12/11,12.921
4/13/11,12.908
4/14/11,12.984
4/15/11,13.304
4/18/11,13.11
4/19/11,13.11
4/20/11,13.367
4/21/11,13.447
4/25/11,13.872
4/26/11,13.923
4/27/11,14.322
4/28/11,14.31
4/29/11,14.474
5/2/11,14.158
5/3/11,14.116
5/4/11,13.893
5/5/11,13.754
5/6/11,13.771
5/9/11,13.939
5/10/11,14.28
5/11/11,14.019
5/12/11,14.133
5/13/11,14.129
5/16/11,13.624
5/17/11,13.742
5/18/11,13.838
5/19/11,13.847
5/20/11,13.67
5/23/11,13.312
5/24/11,12.971
5/25/11,12.921
5/26/11,12.904
5/27/11,12.912
5/31/11,13.119
6/1/11,12.896
6/2/11,13.165
6/3/11,12.753
6/6/11,12.441
6/7/11,12.593
6/8/11,12.866
6/9/11,12.904
6/10/11,12.609
6/13/11,12.567
6/14/11,12.525
6/15/11,12.062
6/16/11,11.982
6/17/11,12.134
6/20/11,12.13
6/21/11,12.534
6/22/11,12.348
6/23/11,12.311
6/24/11,11.932
6/27/11,12.083
6/28/11,12.189
6/29/11,12.988
6/30/11,13.582
7/1/11,13.779
7/5/11,13.737
7/6/11,13.855
7/7/11,14.028
7/8/11,14.066
7/11/11,13.851
7/12/11,13.577
7/13/11,13.628
7/14/11,13.548
7/15/11,13.809
7/18/11,13.763
7/19/11,14.209
7/20/11,13.96
7/21/11,14.074
7/22/11,14.099
7/25/11,14.226
7/26/11,14.487
7/27/11,14.04
7/28/11,14.036
7/29/11,13.784
8/1/11,13.897
8/2/11,13.363
8/3/11,13.573
8/4/11,12.643
8/5/11,12.332
8/8/11,11.343
8/9/11,12.694
8/10/11,12.269
8/11/11,12.71
8/12/11,12.849
8/15/11,13.001
8/16/11,12.778
8/17/11,12.731
8/18/11,11.759
8/19/11,11.431
8/22/11,11.515
8/23/11,12.172
8/24/11,12.226
8/25/11,11.923
8/26/11,12.399
8/29/11,12.832
8/30/11,13.026
8/31/11,12.992
9/1/11,12.79
9/2/11,12.378
9/6/11,12.319
9/7/11,12.521
9/8/11,12.841
9/9/11,11.978
9/12/11,12.382
9/13/11,12.374
9/14/11,12.685
9/15/11,13.485
9/16/11,14.179
9/19/11,13.931
9/20/11,13.775
9/21/11,13.569
9/22/11,13.329
9/23/11,13.502
9/26/11,13.699
9/27/11,13.687
9/28/11,13.316
9/29/11,12.908
9/30/11,12.412
10/3/11,11.831
10/4/11,12.353
10/5/11,12.849
10/6/11,13.232
10/7/11,13.077
10/10/11,13.594
10/11/11,13.817
10/12/11,13.784
10/13/11,13.779
10/14/11,14.179
10/17/11,13.981
10/18/11,14.255
10/19/11,13.965
10/20/11,13.531
10/21/11,13.519
10/24/11,13.624
10/25/11,13.329
10/26/11,13.081
10/27/11,13.59
10/28/11,13.994
10/31/11,13.396
11/28/11,12.483
12/28/11,12.799
1/3/12,13.19
1/4/12,12.694
1/5/12,12.925
1/6/12,12.891
1/9/12,12.841
1/10/12,13.131
1/11/12,13.266
1/12/12,13.291
1/13/12,12.887
1/17/12,12.849
1/18/12,12.769
1/19/12,13.262
1/20/12,13.439
1/23/12,13.464
1/24/12,13.447
1/25/12,13.443
1/26/12,13.346
1/27/12,13.405
1/30/12,13.291
1/31/12,13.295
2/1/12,13.552
2/2/12,13.763
2/3/12,13.868
2/6/12,13.737
2/7/12,13.834
2/8/12,13.91
2/9/12,13.998
2/10/12,13.902
2/13/12,13.956
2/14/12,13.872
2/15/12,14.019
2/16/12,14.524
2/17/12,14.756
2/21/12,14.79
2/22/12,14.592
2/23/12,15.16
2/24/12,15.303
2/27/12,15.387
2/28/12,15.412
2/1/12,15.042
3/1/12,15.307
3/2/12,15.257
3/5/12,15.034
3/6/12,14.773
3/7/12,14.979
3/8/12,15.059
3/9/12,15.257
3/12/12,15.227
3/13/12,15.711
3/14/12,15.833
3/15/12,15.501
3/16/12,15.863
3/19/12,15.905
3/20/12,15.737
3/21/12,15.749
3/22/12,15.833
3/23/12,15.61
3/26/12,16.027
3/27/12,15.939
3/28/12,15.673
3/29/12,15.568
3/30/12,15.53
4/2/12,15.4
4/3/12,15.417
4/4/12,15.038
4/5/12,15.008
4/9/12,15.278
4/10/12,14.928
4/11/12,15.051
4/12/12,15.345
4/13/12,15.202
4/16/12,14.941
4/17/12,15.185
4/18/12,15.097
4/19/12,17.096
4/20/12,16.957
4/23/12,16.688
4/24/12,16.54
4/25/12,16.776
4/26/12,17.277
4/27/12,17.353
4/30/12,17.264
5/1/12,17.151
5/2/12,17.323
5/3/12,16.995
5/4/12,16.599
5/7/12,16.864
5/8/12,16.915
5/9/12,17.071
5/10/12,17.344
5/11/12,17.146
5/14/12,16.94
5/15/12,16.856
5/16/12,16.776
5/17/12,16.427
5/18/12,16.145
5/21/12,16.629
5/22/12,16.507
5/23/12,16.7
5/24/12,16.696
5/25/12,16.982
5/29/12,17.462
5/30/12,16.662
5/31/12,16.494
6/1/12,16.338
6/4/12,16.481
6/5/12,16.734
6/6/12,17.231
6/7/12,17.214
6/8/12,17.277
6/11/12,17.226
6/12/12,17.218
6/13/12,16.907
6/14/12,16.89
6/15/12,17.117
6/18/12,17.883
6/19/12,18.308
6/20/12,18.077
6/21/12,17.605
6/22/12,18.013
6/25/12,17.597
6/26/12,17.887
6/27/12,17.799
6/28/12,17.163
6/29/12,17.681
7/2/12,17.353
7/3/12,17.34
7/5/12,17.226
7/6/12,17.008
7/9/12,17.121
7/10/12,16.7
7/11/12,16.469
7/12/12,16.545
7/13/12,16.814
7/16/12,16.246
7/17/12,16.444
7/18/12,17.029
7/19/12,18.497
7/20/12,18.876
7/23/12,18.62
7/24/12,18.316
7/25/12,18.178
7/26/12,18.43
7/27/12,19.032
7/30/12,19.192
7/31/12,18.645
8/1/12,18.472
8/2/12,18.422
8/3/12,18.729
8/6/12,18.843
8/7/12,19.196
8/8/12,18.914
8/9/12,18.632
8/10/12,18.514
8/13/12,19.074
8/14/12,19.091
8/15/12,18.931
8/16/12,19.272
8/17/12,19.726
8/20/12,19.529
8/21/12,19.297
8/22/12,19.781
8/23/12,19.701
8/24/12,19.823
8/27/12,19.773
8/28/12,19.756
8/29/12,19.987
8/30/12,19.592
8/31/12,19.979
9/4/12,19.928
9/5/12,19.848
9/6/12,20.585
9/7/12,20.724
9/10/12,20.425
9/11/12,20.341
9/12/12,20.198
9/13/12,20.572
9/14/12,21.031
9/17/12,21.246
9/18/12,21.027
9/19/12,21.208
9/20/12,21.077
9/21/12,20.821
9/24/12,20.753
9/25/12,20.215
9/26/12,20.011
9/27/12,20.673
9/28/12,20.358
10/1/12,20.299
10/2/12,20.37
10/3/12,20.45
10/4/12,20.829
10/5/12,20.509
10/8/12,20.168
10/9/12,19.453
10/10/12,19.68
10/11/12,19.987
10/12/12,20.139
10/15/12,19.949
10/16/12,20.303
10/17/12,20.286
10/18/12,21.393
10/19/12,21.031
10/22/12,21.107
10/23/12,20.77
10/24/12,20.572
10/25/12,20.345
10/26/12,20.838
10/31/12,20.311
11/28/12,21.662
12/24/12,21.498
1/2/13,22.555
1/3/13,22.075
1/4/13,22.214
1/7/13,22.521
1/8/13,22.172
1/9/13,22.205
1/10/13,22.306
1/11/13,22.601
1/14/13,22.382
1/15/13,22.1
1/16/13,22.264
1/17/13,22.799
1/18/13,22.816
1/22/13,22.462
1/23/13,22.466
1/24/13,23.228
1/25/13,23.792
1/28/13,23.548
1/29/13,23.426
1/30/13,23.476
1/31/13,23.556
2/1/13,24.078
2/4/13,23.439
2/5/13,23.746
2/6/13,23.615
2/7/13,23.624
2/8/13,23.83
2/11/13,23.742
2/12/13,23.897
2/13/13,24.011
2/14/13,23.918
2/15/13,23.864
2/19/13,23.855
2/20/13,23.371
2/21/13,22.988
2/22/13,23.157
2/25/13,22.563
2/26/13,22.652
2/27/13,22.79
2/28/13,23.026
3/1/13,23.106
3/4/13,23.35
3/5/13,23.258
3/6/13,22.546
3/7/13,22.298
3/8/13,22.361
3/11/13,22.205
3/12/13,22.29
3/13/13,21.456
3/14/13,21.801
3/15/13,21.216
3/18/13,21.09
3/19/13,21.505
3/20/13,22.062
3/21/13,22.273
3/22/13,22.42
3/25/13,21.595
3/26/13,21.923
3/27/13,21.915
3/28/13,22.82
4/1/13,23.447
4/2/13,23.636
4/3/13,23.359
4/4/13,23.481
4/5/13,23.367
4/8/13,23.514
4/9/13,23.598
4/10/13,24.116
4/11/13,24.318
4/12/13,24.12
4/15/13,23.502
4/16/13,23.994
4/17/13,23.611
4/18/13,22.231
4/19/13,22.05
4/22/13,21.73
4/23/13,22.092
4/24/13,22.294
4/25/13,22.037
4/26/13,22.113
4/29/13,22.239
4/30/13,22.05
5/1/13,22.054
5/2/13,22.538
5/3/13,22.816
5/6/13,22.765
5/7/13,22.702
5/8/13,23.131
5/9/13,23.22
5/10/13,23.422
5/13/13,23.287
5/14/13,23.683
5/15/13,23.843
5/16/13,23.485
5/17/13,23.868
5/20/13,23.548
5/21/13,23.127
5/22/13,22.896
5/23/13,22.929
5/24/13,22.997
5/28/13,23.371
5/29/13,23.169
5/30/13,23.19
5/31/13,22.769
6/3/13,22.479
6/4/13,22.134
6/5/13,21.616
6/6/13,21.684
6/7/13,21.654
6/10/13,22.412
6/11/13,21.907
6/12/13,21.359
6/13/13,21.667
6/14/13,21.587
6/17/13,21.915
6/18/13,22.121
6/19/13,21.982
6/20/13,21.355
6/21/13,21.519
6/24/13,21.389
6/25/13,21.734
6/26/13,21.604
6/27/13,21.944
6/28/13,21.768
7/1/13,22.264
7/2/13,22.445
7/3/13,22.378
7/5/13,22.664
7/8/13,22.605
7/9/13,22.934
7/10/13,23.098
7/11/13,23.519
7/12/13,24.007
7/15/13,23.758
7/16/13,23.91
7/17/13,24.15
7/18/13,22.525
7/19/13,21.965
7/22/13,22.016
7/23/13,21.734
7/24/13,21.928
7/25/13,21.675
7/26/13,21.991
7/29/13,21.734
7/30/13,21.877
7/31/13,21.755
8/1/13,22.058
8/2/13,22.113
8/5/13,22.184
8/6/13,22.601
8/7/13,22.311
8/8/13,22.546
8/9/13,22.445
8/12/13,22.424
8/13/13,22.778
8/14/13,22.824
8/15/13,22.382
8/16/13,22.273
8/19/13,21.915
8/20/13,21.881
8/21/13,21.448
8/22/13,21.498
8/23/13,21.738
8/26/13,21.869
8/27/13,21.301
8/28/13,21.225
8/29/13,21.46
8/30/13,21.04
9/3/13,21.178
9/4/13,21.654
9/5/13,21.864
9/6/13,22.235
9/9/13,22.168
9/10/13,22.513
9/11/13,22.845
9/12/13,22.742
9/13/13,22.652
9/16/13,22.58
9/17/13,22.992
9/18/13,23.013
9/19/13,22.917
9/20/13,23.127
9/23/13,23.047
9/24/13,23.22
9/25/13,22.816
9/26/13,23.838
9/27/13,23.476
9/30/13,23.481
10/1/13,23.556
10/2/13,23.413
10/3/13,23.11
10/4/13,23.392
10/7/13,22.967
10/8/13,22.294
10/9/13,22.024
10/10/13,22.483
10/11/13,22.883
10/14/13,23.051
10/15/13,22.715
10/16/13,22.525
10/17/13,21.625
10/18/13,21.97
10/21/13,21.86
10/22/13,21.814
10/23/13,21.772
10/24/13,22.029
10/25/13,21.73
10/28/13,21.873
10/29/13,22.449
10/30/13,22.189
10/31/13,22.184
11/26/13,20.522
12/26/13,22.753
1/2/14,22.702
1/3/14,22.416
1/6/14,21.793
1/7/14,22.252
1/8/14,22.041
1/9/14,21.915
1/10/14,21.953
1/13/14,22.113
1/14/14,22.29
1/15/14,22.639
1/16/14,22.618
1/17/14,22.391
1/21/14,22.79
1/22/14,22.9
1/23/14,23.123
1/24/14,22.883
1/27/14,22.256
1/28/14,22.374
1/29/14,21.965
1/30/14,22.382
1/31/14,22.391
2/3/14,22.05
2/4/14,22.269
2/5/14,22.525
2/6/14,22.883
2/7/14,22.971
2/10/14,22.635
2/11/14,22.858
2/12/14,23.077
2/13/14,23.114
2/14/14,23.051
2/18/14,23.211
2/19/14,23.039
2/20/14,23.131
2/21/14,22.976
2/24/14,23.695
2/25/14,23.632
2/26/14,24.133
2/27/14,24.554
2/28/14,24.735
3/3/14,24.541
3/4/14,24.857
3/5/14,24.773
3/6/14,24.958
3/7/14,24.857
3/10/14,24.503
3/11/14,24.217
3/12/14,24.402
3/13/14,23.864
3/14/14,23.88
3/17/14,24.167
3/18/14,24.343
3/19/14,24.116
3/20/14,24.04
3/21/14,23.973
3/24/14,23.796
3/25/14,23.708
3/26/14,23.401
3/27/14,23.224
3/28/14,23.228
3/31/14,23.249
4/1/14,23.586
4/2/14,23.338
4/3/14,22.971
4/4/14,22.727
4/7/14,22.285
4/8/14,23.064
4/9/14,23.523
4/10/14,22.761
4/11/14,22.5
4/14/14,22.719
4/15/14,22.685
4/16/14,23.018
4/17/14,23.136
4/21/14,23.119
4/22/14,23.346
4/23/14,23.123
4/24/14,23.081
4/25/14,22.609
4/28/14,22.576
4/29/14,22.955
4/30/14,21.814
5/1/14,21.755
5/2/14,21.89
5/5/14,21.886
5/6/14,21.444
5/7/14,21.284
5/8/14,21.153
5/9/14,21.271
5/12/14,21.604
5/13/14,21.709
5/14/14,21.738
5/15/14,21.616
5/16/14,21.864
5/19/14,22.024
5/20/14,21.869
5/21/14,21.835
5/22/14,21.675
5/23/14,21.894
5/27/14,21.789
5/28/14,21.208
5/29/14,21.103
5/30/14,21.351
6/2/14,21.25
6/3/14,21.221
6/4/14,21.233
6/5/14,21.288
6/6/14,20.918
6/9/14,20.867
6/10/14,20.307
6/11/14,20.551
6/12/14,20.438
6/13/14,20.64
6/16/14,20.623
6/17/14,20.648
6/18/14,20.901
6/19/14,20.875
6/20/14,20.766
6/23/14,20.787
6/24/14,20.56
6/25/14,20.758
6/26/14,20.821
6/27/14,21.077
6/30/14,21.069
7/1/14,21.254
7/2/14,21.275
7/3/14,21.439
7/7/14,21.355
7/8/14,21.12
7/9/14,21.435
7/10/14,21.183
7/11/14,21.675
7/14/14,21.532
7/15/14,21.385
7/16/14,21.338
7/17/14,21.477
7/18/14,21.667
7/21/14,21.759
7/22/14,21.907
7/23/14,22.163
7/24/14,22.403
7/25/14,22.201
7/28/14,22.277
7/29/14,22.395
7/30/14,22.403
7/31/14,22.235
8/1/14,22.109
8/4/14,22.332
8/5/14,22.416
8/6/14,22.5
8/7/14,22.542
8/8/14,22.765
8/11/14,22.677
8/12/14,22.487
8/13/14,22.281
8/14/14,22.277
8/15/14,22.155
8/18/14,22.353
8/19/14,22.622
8/20/14,22.475
8/21/14,23.523
8/22/14,23.359
8/25/14,23.354
8/26/14,23.674
8/27/14,23.535
8/28/14,23.329
8/29/14,23.359
9/2/14,23.098
9/3/14,22.959
9/4/14,22.912
9/5/14,22.685
9/8/14,22.824
9/9/14,22.193
9/10/14,21.507
9/11/14,21.33
9/12/14,21.965
9/15/14,21.448
9/16/14,21.721
9/17/14,21.864
9/18/14,22.18
9/19/14,22.054
9/22/14,22.083
9/23/14,22.197
9/24/14,22.277
9/25/14,21.949
9/26/14,22.277
9/29/14,22.163
9/30/14,23.834
10/1/14,23.342
10/2/14,23.089
10/3/14,22.912
10/6/14,22.538
10/7/14,22.294
10/8/14,22.942
10/9/14,22.247
10/10/14,21.827
10/13/14,21.237
10/14/14,21.292
10/15/14,21.145
10/16/14,20.152
10/17/14,20.181
10/20/14,20.707
10/21/14,21.406
10/22/14,21.098
10/23/14,21.376
10/24/14,21.515
10/27/14,21.545
10/28/14,21.549
10/29/14,21.604
10/30/14,21.696
10/31/14,22.096
11/24/14,22.891
12/26/14,24.007
1/2/15,23.657
1/5/15,23.46
1/6/15,23.157
1/7/15,23.114
1/8/15,23.742
1/9/15,23.413
1/12/15,23.232
1/13/15,23.203
1/14/15,22.74
1/15/15,22.311
1/16/15,22.584
1/20/15,22.593
1/21/15,22.466
1/22/15,24.053
1/23/15,23.889
1/26/15,23.594
1/27/15,23.018
1/28/15,22.66
1/29/15,22.71
1/30/15,22.306
2/2/15,22.605
2/3/15,22.832
2/4/15,22.605
2/5/15,22.849
2/6/15,22.938
2/9/15,22.866
2/10/15,23.262
2/11/15,23.207
2/12/15,23.039
2/13/15,23.767
2/17/15,23.744
2/18/15,23.948
2/19/15,24.263
2/20/15,24.419
2/23/15,24.44
2/24/15,24.579
2/25/15,24.558
2/26/15,24.638
2/27/15,24.373
3/2/15,24.571
3/3/15,24.52
3/4/15,24.541
3/5/15,24.865
3/6/15,25.198
3/9/15,25.593
3/10/15,24.92
3/11/15,25.114
3/12/15,24.777
3/13/15,24.861
3/16/15,25.072
3/17/15,25.038
3/18/15,24.588
3/19/15,24.36
3/20/15,24.381
3/23/15,24.672
3/24/15,25.046
3/25/15,24.436
3/26/15,24.205
3/27/15,24.255
3/30/15,24.377
3/31/15,24.276
4/1/15,24.045
4/2/15,23.952
4/6/15,23.914
4/7/15,24.024
4/8/15,24.036
4/9/15,23.994
4/10/15,24.133
4/13/15,23.965
4/14/15,23.969
4/15/15,23.996
4/16/15,24.005
4/17/15,23.481
4/20/15,23.598
4/21/15,23.746
4/22/15,23.885
4/23/15,24.785
4/24/15,24.916
4/27/15,24.87
4/28/15,25.034
4/29/15,24.781
4/30/15,24.52
5/1/15,24.954
5/4/15,24.878
5/5/15,24.386
5/6/15,24.196
5/7/15,24.394
5/8/15,24.756
5/11/15,24.554
5/12/15,24.537
5/13/15,24.752
5/14/15,25.295
5/15/15,25.004
5/18/15,25.025
5/19/15,24.937
5/20/15,24.895
5/21/15,25.143
5/22/15,25.135
5/26/15,24.714
5/27/15,24.992
5/28/15,25.488
5/29/15,25.825
6/1/15,26.33
6/2/15,26.094
6/3/15,26.098
6/4/15,26.301
6/5/15,26.612
6/8/15,25.61
6/9/15,25.425
6/10/15,25.45
6/11/15,25.442
6/12/15,25.261
6/15/15,25.253
6/16/15,25.471
6/17/15,25.484
6/18/15,25.543
6/19/15,25.745
6/22/15,25.989
6/23/15,26.065
6/24/15,25.93
6/25/15,25.926
6/26/15,25.686
6/29/15,24.987
6/30/15,25.354
7/1/15,25.429
7/2/15,26.031
7/6/15,25.993
7/7/15,26.086
7/8/15,25.669
7/9/15,25.997
7/10/15,26.25
7/13/15,26.713
7/14/15,26.763
7/15/15,26.7
7/16/15,27.605
7/17/15,27.9
7/20/15,28.57
7/21/15,28.6
7/22/15,28.45
7/23/15,28.43
7/24/15,28.23
7/27/15,28
7/28/15,28.33
7/29/15,28.75
7/30/15,28.37
7/31/15,28.12
8/3/15,28.33
8/4/15,28.41
8/5/15,28.56
8/6/15,28.16
8/7/15,28.55
8/10/15,28.66
8/11/15,28.14
8/12/15,28.01
8/13/15,27.99
8/14/15,28.26
8/17/15,28.29
8/18/15,27.77
8/19/15,27.43
8/20/15,26.52
8/21/15,25.77
8/24/15,24.93
8/25/15,25.23
8/26/15,26.17
8/27/15,27.1
8/28/15,27.25
8/31/15,27.11
9/1/15,26.48
9/2/15,26.87
9/3/15,27.04
9/4/15,26.48
9/8/15,26.36
9/9/15,26.2
9/10/15,26.15
9/11/15,26.32
9/14/15,25.75
9/15/15,25.98
9/16/15,26.74
9/17/15,26.27
9/18/15,26.02
9/21/15,25.92
9/22/15,25.61
9/23/15,25.59
9/24/15,25.61
9/25/15,25.33
9/28/15,24.14
9/29/15,24.08
9/30/15,24.44
10/1/15,24.91
10/2/15,25.53
10/5/15,25.735
10/6/15,25.68
10/7/15,25.68
10/8/15,24.15
10/9/15,24.3
10/12/15,24.56
10/13/15,24.62
10/14/15,23.995
10/15/15,24.51
10/16/15,24.55
10/19/15,24.555
10/20/15,24.42
10/21/15,24.21
10/22/15,27.58
10/23/15,28.16
10/26/15,28.17
10/27/15,28.37
10/28/15,28.25
10/29/15,28.17
10/30/15,27.9
11/25/15,29
12/28/15,27.64
1/4/16,26.43
1/5/16,26.12
1/6/16,26.41
1/7/16,25.69
1/8/16,25.75
1/11/16,26.1
1/12/16,26.21
1/13/16,25.41
1/14/16,25.86
1/15/16,25.26
1/19/16,25.77
1/20/16,25.82
1/21/16,26.09
1/22/16,26.43
1/25/16,26.135
1/26/16,26.65
1/27/16,26.42
1/28/16,23.13
1/29/16,23.46
2/1/16,23.94
2/2/16,23.29
2/3/16,23.5
2/4/16,23.49
2/5/16,23.2
2/8/16,22.48
2/9/16,22.01
2/10/16,22.32
2/11/16,22.08
2/12/16,22.49
2/16/16,22.95
2/17/16,23.22
2/18/16,23.53
2/19/16,23.81
2/22/16,24.24
2/23/16,23.62
2/24/16,23.96
2/25/16,24.18
2/26/16,24.18
2/1/16,23.8
3/1/16,24.25
3/2/16,23.72
3/3/16,23.94
3/4/16,24.41
3/7/16,24.26
3/8/16,24.07
3/9/16,23.95
3/10/16,23.69
3/11/16,24.02
3/14/16,24.28
3/15/16,23.58
3/16/16,23.68
3/17/16,23.76
3/18/16,23.77
3/21/16,24.34
3/22/16,24.13
3/23/16,24.17
3/24/16,24.33
3/28/16,24.12
3/29/16,24.1
3/30/16,24.04
3/31/16,23.86
4/1/16,23.88
4/4/16,24.03
4/5/16,24.39
4/6/16,25.43
4/7/16,24.1
4/8/16,24.07
4/11/16,24.06
4/12/16,24.42
4/13/16,25.08
4/14/16,25.21
4/15/16,25.22
4/18/16,25.31
4/19/16,24.3
4/20/16,24.66
4/21/16,24.69
4/22/16,24.4
4/25/16,24.22
4/26/16,24.52
4/27/16,25.27
4/28/16,24.62
4/29/16,24.43
5/2/16,24.26
5/3/16,23.98
5/4/16,23.8
5/5/16,23.81
5/6/16,23.82
5/9/16,24.02
5/10/16,24.16
5/11/16,23.74
5/12/16,23.58
5/13/16,23.78
5/16/16,23.8
5/17/16,23.27
5/18/16,23.69
5/19/16,23.42
5/20/16,23.65
5/23/16,23.46
5/24/16,24.05
5/25/16,24.035
5/26/16,24.12
5/27/16,24.36
5/31/16,24.46
6/1/16,24.07
6/2/16,24.25
6/3/16,23.98
6/6/16,23.99
6/7/16,24.28
6/8/16,24.23